{
  "accuracy": [
    0.6938775777816772,
    0.9387755393981934,
    0.9897959232330322,
    0.9693877696990967,
    1.0,
    1.0,
    1.0,
    1.0,
    1.0,
    1.0,
    1.0
  ],
  "val_accuracy": [
    0.4482758641242981,
    0.48275861144065857,
    0.48275861144065857,
    0.4482758641242981,
    0.48275861144065857,
    0.48275861144065857,
    0.48275861144065857,
    0.48275861144065857,
    0.48275861144065857,
    0.48275861144065857,
    0.48275861144065857
  ],
  "loss": [
    0.6529583930969238,
    0.1093001589179039,
    0.023081861436367035,
    0.04045838862657547,
    0.001616356777958572,
    0.004347665701061487,
    0.0019708864856511354,
    0.001258738455362618,
    0.000538318301551044,
    0.0022555727045983076,
    0.0005731161218136549
  ],
  "val_loss": [
    0.7864819169044495,
    1.6389285326004028,
    2.1152193546295166,
    2.402183771133423,
    3.317721128463745,
    3.4980509281158447,
    3.569735050201416,
    3.594397783279419,
    3.597876787185669,
    3.7044339179992676,
    3.769455909729004
  ]
}